Name,Address,Phone
LAMALMI Mimoun,"Adresse : 82, av Hassan 1er, Nador",0536334063
ARANNAU Salah,"Adresse : 105, bd Hassan 1er, Nador",0536601010
ACHALHI Mohamed,"Adresse : 125, av Youssef Ben Tachfine, Nador",0536333300
OUSSAMA Mohamed,"Adresse : 150, bd Youssef Ibn Tachfine, Nador",0536605450
ELFOUNTI Moloud,"Adresse : av Hassan 1er, rue 5, n°8, Nador",0536331290
CHEMLAL Chafik,"Adresse : 256, av Youssef Ben Tachfine, Nador",0536333393
LAMALMI Abdelwahed,"Adresse : 82, av Hassan 1er, Nador",0536334063
BOUKAMZA Abdesalam,"Adresse : 58, rue Khalid Ibn Al Walid, Nador",0536606705
